[
{
    "model": "contenttypes.contenttype",
    "pk": 1,
    "fields": {
        "app_label": "admin",
        "model": "logentry"
    }
},
{
    "model": "contenttypes.contenttype",
    "pk": 2,
    "fields": {
        "app_label": "auth",
        "model": "permission"
    }
},
{
    "model": "contenttypes.contenttype",
    "pk": 3,
    "fields": {
        "app_label": "auth",
        "model": "group"
    }
},
{
    "model": "contenttypes.contenttype",
    "pk": 4,
    "fields": {
        "app_label": "auth",
        "model": "user"
    }
},
{
    "model": "contenttypes.contenttype",
    "pk": 5,
    "fields": {
        "app_label": "contenttypes",
        "model": "contenttype"
    }
},
{
    "model": "contenttypes.contenttype",
    "pk": 6,
    "fields": {
        "app_label": "sessions",
        "model": "session"
    }
},
{
    "model": "contenttypes.contenttype",
    "pk": 7,
    "fields": {
        "app_label": "products",
        "model": "product"
    }
},
{
    "model": "contenttypes.contenttype",
    "pk": 8,
    "fields": {
        "app_label": "products",
        "model": "tag"
    }
},
{
    "model": "contenttypes.contenttype",
    "pk": 9,
    "fields": {
        "app_label": "cart",
        "model": "cart"
    }
},
{
    "model": "contenttypes.contenttype",
    "pk": 10,
    "fields": {
        "app_label": "order",
        "model": "orders"
    }
},
{
    "model": "contenttypes.contenttype",
    "pk": 11,
    "fields": {
        "app_label": "cart",
        "model": "cart_item"
    }
},
{
    "model": "contenttypes.contenttype",
    "pk": 12,
    "fields": {
        "app_label": "order",
        "model": "order_item"
    }
},
{
    "model": "contenttypes.contenttype",
    "pk": 13,
    "fields": {
        "app_label": "addresses",
        "model": "address"
    }
},
{
    "model": "contenttypes.contenttype",
    "pk": 14,
    "fields": {
        "app_label": "billing_profile",
        "model": "billing_profile"
    }
},
{
    "model": "contenttypes.contenttype",
    "pk": 15,
    "fields": {
        "app_label": "billing_profile",
        "model": "card"
    }
},
{
    "model": "contenttypes.contenttype",
    "pk": 16,
    "fields": {
        "app_label": "shipping_profile",
        "model": "shipping_profile"
    }
},
{
    "model": "contenttypes.contenttype",
    "pk": 17,
    "fields": {
        "app_label": "analytics",
        "model": "objectviewed"
    }
},
{
    "model": "contenttypes.contenttype",
    "pk": 18,
    "fields": {
        "app_label": "purchase",
        "model": "purchase"
    }
},
{
    "model": "contenttypes.contenttype",
    "pk": 19,
    "fields": {
        "app_label": "billing_profile",
        "model": "payments"
    }
},
{
    "model": "contenttypes.contenttype",
    "pk": 20,
    "fields": {
        "app_label": "accounts",
        "model": "user"
    }
},
{
    "model": "sessions.session",
    "pk": "3loftlu0rov5poovi1phtr2ixdu9e6l6",
    "fields": {
        "session_data": "MzBkY2QwOTY5N2U0Nzc3YWUwYTNjNDZjODA4ODYzNDFlZjllYzY1MDp7Il9hdXRoX3VzZXJfaWQiOiIzIiwiX2F1dGhfdXNlcl9iYWNrZW5kIjoiZGphbmdvLmNvbnRyaWIuYXV0aC5iYWNrZW5kcy5Nb2RlbEJhY2tlbmQiLCJfYXV0aF91c2VyX2hhc2giOiIzM2JkZTIyOTgyMTEyNGNjMmI0YWViZWI1NDFlYTMyNmJmMzZlMDM0In0=",
        "expire_date": "2020-01-18T08:45:58.022Z"
    }
},
{
    "model": "sessions.session",
    "pk": "jw6y2zs3b0draqlr9g2ok3go7i10qeqc",
    "fields": {
        "session_data": "OGY0ODhlZGQ1OWI4NGQ5ODIwMzIyYWUwYWQ2MjVmODhjOGRlMWM3Yzp7Il9hdXRoX3VzZXJfaWQiOiIxIiwiX2F1dGhfdXNlcl9iYWNrZW5kIjoiZGphbmdvLmNvbnRyaWIuYXV0aC5iYWNrZW5kcy5Nb2RlbEJhY2tlbmQiLCJfYXV0aF91c2VyX2hhc2giOiI0YTYxMmExNThmYmQ2ODM2ZjUxMTRlNjM5NzI3MTkxNzFhNzFkMjIxIn0=",
        "expire_date": "2019-11-13T11:12:07.998Z"
    }
},
{
    "model": "sessions.session",
    "pk": "srm95lkwedk7tmky4yrzjujenfg9k5od",
    "fields": {
        "session_data": "ZjU1Mjc0MjQxNmI0ZTAxZGRjNzBiMTJmMDhlNzUyYzEwNGZjMTFkYzp7fQ==",
        "expire_date": "2019-12-22T17:43:04.795Z"
    }
},
{
    "model": "sessions.session",
    "pk": "ux0aa558nwkhz5mr7600vjbc0l2pot5q",
    "fields": {
        "session_data": "OGY0ODhlZGQ1OWI4NGQ5ODIwMzIyYWUwYWQ2MjVmODhjOGRlMWM3Yzp7Il9hdXRoX3VzZXJfaWQiOiIxIiwiX2F1dGhfdXNlcl9iYWNrZW5kIjoiZGphbmdvLmNvbnRyaWIuYXV0aC5iYWNrZW5kcy5Nb2RlbEJhY2tlbmQiLCJfYXV0aF91c2VyX2hhc2giOiI0YTYxMmExNThmYmQ2ODM2ZjUxMTRlNjM5NzI3MTkxNzFhNzFkMjIxIn0=",
        "expire_date": "2019-11-27T14:59:46.981Z"
    }
},
{
    "model": "sessions.session",
    "pk": "w3xnjqat15mgmrhcv9hen44j3v4d1edz",
    "fields": {
        "session_data": "OGY0ODhlZGQ1OWI4NGQ5ODIwMzIyYWUwYWQ2MjVmODhjOGRlMWM3Yzp7Il9hdXRoX3VzZXJfaWQiOiIxIiwiX2F1dGhfdXNlcl9iYWNrZW5kIjoiZGphbmdvLmNvbnRyaWIuYXV0aC5iYWNrZW5kcy5Nb2RlbEJhY2tlbmQiLCJfYXV0aF91c2VyX2hhc2giOiI0YTYxMmExNThmYmQ2ODM2ZjUxMTRlNjM5NzI3MTkxNzFhNzFkMjIxIn0=",
        "expire_date": "2019-12-22T17:45:42.074Z"
    }
},
{
    "model": "addresses.address",
    "pk": 1,
    "fields": {
        "Address": "Cubastion Consulting Pvt. Ltd. , 7th Floor  Tower 2, Vatika Business Park, Sohna Road, Gurgaon",
        "City": "Gurgaon",
        "State": "Haryana",
        "Country": "India",
        "zipcode": "122018"
    }
},
{
    "model": "addresses.address",
    "pk": 2,
    "fields": {
        "Address": "Badshahpur, Haryana, India",
        "City": "Badshahpur",
        "State": "Haryana",
        "Country": "India",
        "zipcode": "121002"
    }
},
{
    "model": "addresses.address",
    "pk": 3,
    "fields": {
        "Address": "Cubastion Consulting Pvt. Ltd. , 7th Floor  Tower 2, Vatika Business Park\r\nSohna Road, Gurgaon",
        "City": "Gurgaon",
        "State": "Haryana",
        "Country": "India",
        "zipcode": "122018"
    }
},
{
    "model": "addresses.address",
    "pk": 4,
    "fields": {
        "Address": "Cubastion Consulting Pvt. Ltd. , 7th Floor  Tower 2, Vatika Business Park\r\nSohna Road, Gurgaon",
        "City": "Gurgaon",
        "State": "Haryana",
        "Country": "India",
        "zipcode": "122018"
    }
},
{
    "model": "addresses.address",
    "pk": 5,
    "fields": {
        "Address": "Cubastion Consulting Pvt. Ltd. , 7th Floor  Tower 2, Vatika Business Park\r\nSohna Road, Gurgaon",
        "City": "Gurgaon",
        "State": "Haryana",
        "Country": "India",
        "zipcode": "122018"
    }
},
{
    "model": "addresses.address",
    "pk": 6,
    "fields": {
        "Address": "Cubastion Consulting Pvt. Ltd. , 7th Floor  Tower 2, Vatika Business Park\r\nSohna Road, Gurgaon",
        "City": "Gurgaon",
        "State": "Haryana",
        "Country": "India",
        "zipcode": "122018"
    }
},
{
    "model": "addresses.address",
    "pk": 7,
    "fields": {
        "Address": "Inside nathusar gate",
        "City": "Bikaner",
        "State": "Rajasthan",
        "Country": "India",
        "zipcode": "334001"
    }
},
{
    "model": "addresses.address",
    "pk": 8,
    "fields": {
        "Address": "Inside nathusar gate",
        "City": "Bikaner",
        "State": "Rajasthan",
        "Country": "India",
        "zipcode": "334001"
    }
},
{
    "model": "addresses.address",
    "pk": 9,
    "fields": {
        "Address": "Cubastion Consulting Pvt. Ltd. , 7th Floor  Tower 2, Vatika Business Park\r\nSohna Road, Gurgaon",
        "City": "Gurgaon",
        "State": "Haryana",
        "Country": "India",
        "zipcode": "122012"
    }
},
{
    "model": "addresses.address",
    "pk": 10,
    "fields": {
        "Address": "Cubastion Consulting Pvt. Ltd. , 7th Floor  Tower 2, Vatika Business Park\r\nSohna Road, Gurgaon",
        "City": "Gurgaon",
        "State": "Haryana",
        "Country": "India",
        "zipcode": "122018"
    }
},
{
    "model": "addresses.address",
    "pk": 11,
    "fields": {
        "Address": "Cubastion Consulting Pvt. Ltd. , 7th Floor  Tower 2, Vatika Business Park\r\nSohna Road, Gurgaon",
        "City": "Gurgaon",
        "State": "Haryana",
        "Country": "India",
        "zipcode": "122018"
    }
},
{
    "model": "addresses.address",
    "pk": 12,
    "fields": {
        "Address": "Cubastion Consulting Pvt. Ltd. , 7th Floor  Tower 2, Vatika Business Park\r\nSohna Road, Gurgaon",
        "City": "Gurgaon",
        "State": "Haryana",
        "Country": "India",
        "zipcode": "122018"
    }
},
{
    "model": "addresses.address",
    "pk": 13,
    "fields": {
        "Address": "Inside nathusar gate",
        "City": "Bikaner",
        "State": "Rajasthan",
        "Country": "India",
        "zipcode": "334001"
    }
},
{
    "model": "products.product",
    "pk": 1,
    "fields": {
        "title": "Samsung Note 7",
        "description": "Smart Phone\r\ncolor gray",
        "price": "12000.00",
        "image": "product_images/product_1.jpg",
        "category": "Mobiles"
    }
},
{
    "model": "products.product",
    "pk": 2,
    "fields": {
        "title": "Redmi Note 7",
        "description": "4 GB RAM\r\nColor-black",
        "price": "12000.00",
        "image": "product_images/product_None.jpg",
        "category": "Mobiles"
    }
},
{
    "model": "products.product",
    "pk": 3,
    "fields": {
        "title": "Redmi Note 8",
        "description": "RAM 8 GB\r\nROM 256 GB\r\ncolor black",
        "price": "15000.00",
        "image": "product_images/product_None.jpg",
        "category": "Mobiles"
    }
},
{
    "model": "products.product",
    "pk": 4,
    "fields": {
        "title": "Gray T shirt",
        "description": "Men Gray Tshirt",
        "price": "200.00",
        "image": "product_images/product_4.jpg",
        "category": "Fashion"
    }
},
{
    "model": "products.product",
    "pk": 5,
    "fields": {
        "title": "White Tshirt",
        "description": "Men White Tshirt",
        "price": "1200.00",
        "image": "product_images/product_5.jpg",
        "category": "Fashion"
    }
},
{
    "model": "products.product",
    "pk": 6,
    "fields": {
        "title": "Acer Laptop",
        "description": "Acer Laptop\r\nRAM 8GB\r\nintel i7 octa-core\r\n1 TB storage",
        "price": "13399.00",
        "image": "product_images/product_6.jpg",
        "category": "Laptops"
    }
},
{
    "model": "products.product",
    "pk": 7,
    "fields": {
        "title": "Nike Shoes",
        "description": "Running Shoes\r\nBrand - Nike\r\ncolor - red",
        "price": "539.00",
        "image": "product_images/product_7.jpg",
        "category": "Shoes"
    }
},
{
    "model": "products.product",
    "pk": 8,
    "fields": {
        "title": "Toe Pumps",
        "description": "Glitter Toe pumps For Female",
        "price": "1200.00",
        "image": "product_images/product_8.jpg",
        "category": "Shoes"
    }
},
{
    "model": "products.tag",
    "pk": 1,
    "fields": {
        "tag": "mobile",
        "products": [
            1,
            2,
            3
        ]
    }
},
{
    "model": "products.tag",
    "pk": 2,
    "fields": {
        "tag": "black",
        "products": [
            3
        ]
    }
},
{
    "model": "products.tag",
    "pk": 3,
    "fields": {
        "tag": "gray",
        "products": [
            1
        ]
    }
},
{
    "model": "products.tag",
    "pk": 4,
    "fields": {
        "tag": "Clothes",
        "products": [
            4,
            5
        ]
    }
},
{
    "model": "products.tag",
    "pk": 5,
    "fields": {
        "tag": "Shoes",
        "products": [
            7,
            8
        ]
    }
},
{
    "model": "products.tag",
    "pk": 6,
    "fields": {
        "tag": "Laptop",
        "products": [
            6
        ]
    }
},
{
    "model": "products.tag",
    "pk": 7,
    "fields": {
        "tag": "Acer",
        "products": []
    }
},
{
    "model": "cart.cart_item",
    "pk": 14,
    "fields": {
        "product": 4,
        "quantity": 1,
        "total": "200.00"
    }
},
{
    "model": "order.order_item",
    "pk": 10,
    "fields": {
        "product": 1,
        "quantity": 2,
        "total": "24000.00"
    }
},
{
    "model": "order.order_item",
    "pk": 11,
    "fields": {
        "product": 1,
        "quantity": 1,
        "total": "12000.00"
    }
},
{
    "model": "order.order_item",
    "pk": 12,
    "fields": {
        "product": 1,
        "quantity": 1,
        "total": "12000.00"
    }
},
{
    "model": "order.order_item",
    "pk": 13,
    "fields": {
        "product": 3,
        "quantity": 1,
        "total": "15000.00"
    }
},
{
    "model": "order.order_item",
    "pk": 14,
    "fields": {
        "product": 3,
        "quantity": 1,
        "total": "15000.00"
    }
},
{
    "model": "order.order_item",
    "pk": 15,
    "fields": {
        "product": 3,
        "quantity": 1,
        "total": "15000.00"
    }
},
{
    "model": "order.order_item",
    "pk": 16,
    "fields": {
        "product": 3,
        "quantity": 1,
        "total": "15000.00"
    }
},
{
    "model": "order.order_item",
    "pk": 17,
    "fields": {
        "product": 1,
        "quantity": 1,
        "total": "12000.00"
    }
},
{
    "model": "order.order_item",
    "pk": 18,
    "fields": {
        "product": 2,
        "quantity": 1,
        "total": "12000.00"
    }
},
{
    "model": "order.order_item",
    "pk": 19,
    "fields": {
        "product": 7,
        "quantity": 1,
        "total": "539.00"
    }
},
{
    "model": "order.order_item",
    "pk": 20,
    "fields": {
        "product": 6,
        "quantity": 1,
        "total": "13399.00"
    }
},
{
    "model": "order.order_item",
    "pk": 21,
    "fields": {
        "product": 1,
        "quantity": 2,
        "total": "24000.00"
    }
},
{
    "model": "billing_profile.card",
    "pk": 1,
    "fields": {
        "Billing_Profile": 2,
        "stripe_id": "card_1FiHxKHa0c5tDxkIfpTU5cxw",
        "Month": 4,
        "Year": 2024,
        "brand": "Visa",
        "last4": "3184"
    }
},
{
    "model": "billing_profile.card",
    "pk": 2,
    "fields": {
        "Billing_Profile": 2,
        "stripe_id": "card_1FkVSXHa0c5tDxkI4PvTc366",
        "Month": 1,
        "Year": 2021,
        "brand": "MasterCard",
        "last4": "4444"
    }
},
{
    "model": "billing_profile.card",
    "pk": 3,
    "fields": {
        "Billing_Profile": 2,
        "stripe_id": "card_1FkVijHa0c5tDxkIt4vf9BCl",
        "Month": 1,
        "Year": 2031,
        "brand": "American Express",
        "last4": "0005"
    }
},
{
    "model": "billing_profile.payments",
    "pk": 1,
    "fields": {
        "order_id": "OCYGD20191130152234188140",
        "paid": false,
        "amount": "24080.00",
        "created": "2019-11-30T15:22:34.653Z",
        "payement_method": "COD",
        "stripe_id": null
    }
},
{
    "model": "billing_profile.payments",
    "pk": 2,
    "fields": {
        "order_id": "OGCGY20191130160017067997",
        "paid": true,
        "amount": "12080.00",
        "created": "2019-11-30T16:00:18.560Z",
        "payement_method": "card_1FkVijHa0c5tDxkIt4vf9BCl",
        "stripe_id": "ch_1FkYMwHa0c5tDxkIXPCE44ni"
    }
},
{
    "model": "billing_profile.payments",
    "pk": 3,
    "fields": {
        "order_id": "OWWTL20191130160209660696",
        "paid": true,
        "amount": "12080.00",
        "created": "2019-11-30T16:02:11.393Z",
        "payement_method": "card_1FkVijHa0c5tDxkIt4vf9BCl",
        "stripe_id": "ch_1FkYOlHa0c5tDxkIguZjzbD1"
    }
},
{
    "model": "billing_profile.payments",
    "pk": 4,
    "fields": {
        "order_id": "OWHFT20191208061800380576",
        "paid": true,
        "amount": "619.00",
        "created": "2019-12-08T06:18:02.660Z",
        "payement_method": "card_1FkVijHa0c5tDxkIt4vf9BCl",
        "stripe_id": "ch_1FnJ5tHa0c5tDxkIImHoTimu"
    }
},
{
    "model": "billing_profile.payments",
    "pk": 5,
    "fields": {
        "order_id": "OAZIA20191216162533155700",
        "paid": true,
        "amount": "13479.00",
        "created": "2019-12-16T16:25:35.580Z",
        "payement_method": "card_1FkVijHa0c5tDxkIt4vf9BCl",
        "stripe_id": "ch_1FqMO3Ha0c5tDxkIID50tgOA"
    }
},
{
    "model": "billing_profile.payments",
    "pk": 6,
    "fields": {
        "order_id": "OXZIK20200101180327464954",
        "paid": true,
        "amount": "24080.00",
        "created": "2020-01-01T18:03:29.501Z",
        "payement_method": "card_1FkVSXHa0c5tDxkI4PvTc366",
        "stripe_id": "ch_1FwBXZHa0c5tDxkIp9gRZv7d"
    }
},
{
    "model": "accounts.user",
    "pk": 1,
    "fields": {
        "password": "ravi@iiit",
        "last_login": null,
        "email": "kiradooravi@gmail.com",
        "active": true,
        "staff": false,
        "admin": false,
        "account_type": "CUSTOMER"
    }
},
{
    "model": "accounts.user",
    "pk": 2,
    "fields": {
        "password": "pbkdf2_sha256$150000$OlKv2aT7z3Ap$m1bXUv2cIoEhLO5+6OyURtuXEKfl2QmqV68sZkR9q3Y=",
        "last_login": null,
        "email": "kiradooravi@outlook.com",
        "active": false,
        "staff": true,
        "admin": true,
        "account_type": "ADMIN"
    }
},
{
    "model": "accounts.user",
    "pk": 3,
    "fields": {
        "password": "pbkdf2_sha256$150000$B9eaRG1aEUz3$EMzzbkTSbOcCEyiUk/8lamF/XwvBWxricEUULsucDkA=",
        "last_login": "2020-01-04T08:45:57.921Z",
        "email": "kiradooravi@cubation.com",
        "active": true,
        "staff": true,
        "admin": true,
        "account_type": "CUSTOMER"
    }
},
{
    "model": "shipping_profile.shipping_profile",
    "pk": 5,
    "fields": {
        "user": 1,
        "First_Name": "Ravi",
        "Last_Name": "Kiradoo",
        "Email": "kiradooravi@gmail.com",
        "Phone": "06350669540",
        "Address": 10
    }
},
{
    "model": "shipping_profile.shipping_profile",
    "pk": 6,
    "fields": {
        "user": 1,
        "First_Name": "Ravi",
        "Last_Name": "Sharma",
        "Email": "kiradooravi@gmail.com",
        "Phone": "09876543210",
        "Address": 11
    }
},
{
    "model": "shipping_profile.shipping_profile",
    "pk": 7,
    "fields": {
        "user": 1,
        "First_Name": "Ravi ",
        "Last_Name": "Sharma",
        "Email": "kiradooravi@gmail.com",
        "Phone": "09876543210",
        "Address": 12
    }
},
{
    "model": "shipping_profile.shipping_profile",
    "pk": 8,
    "fields": {
        "user": 1,
        "First_Name": "Ravi",
        "Last_Name": "Kiradoo",
        "Email": "kiradooravi@gmail.com",
        "Phone": "09876543210",
        "Address": 13
    }
},
{
    "model": "billing_profile.billing_profile",
    "pk": 2,
    "fields": {
        "user": 1,
        "First_Name": "Ravi",
        "Last_Name": "Kiradoo",
        "Email": "kiradooravi@gmail.com",
        "Phone": "06350669540",
        "Address": 1,
        "stripe_id": "cus_GBWAFMJFARLmHn"
    }
},
{
    "model": "order.orders",
    "pk": 19,
    "fields": {
        "user": 1,
        "order_id": "OCYGD20191130152234188140",
        "order_status": "ordered",
        "created": "2019-11-30T15:22:34.189Z",
        "updated": "2019-11-30T15:22:34.540Z",
        "total": "24080.00",
        "shipping": "40.00",
        "billing_profile": 2,
        "shipping_proile": 7,
        "order_item": [
            10
        ]
    }
},
{
    "model": "order.orders",
    "pk": 20,
    "fields": {
        "user": 1,
        "order_id": "OQNQE20191130153658983096",
        "order_status": "ordered",
        "created": "2019-11-30T15:36:58.984Z",
        "updated": "2019-11-30T15:36:59.442Z",
        "total": "12080.00",
        "shipping": "40.00",
        "billing_profile": 2,
        "shipping_proile": 7,
        "order_item": [
            11
        ]
    }
},
{
    "model": "order.orders",
    "pk": 21,
    "fields": {
        "user": 1,
        "order_id": "OPNDF20191130153944025641",
        "order_status": "ordered",
        "created": "2019-11-30T15:39:44.025Z",
        "updated": "2019-11-30T15:39:44.380Z",
        "total": "12080.00",
        "shipping": "40.00",
        "billing_profile": 2,
        "shipping_proile": 7,
        "order_item": [
            12
        ]
    }
},
{
    "model": "order.orders",
    "pk": 22,
    "fields": {
        "user": 1,
        "order_id": "OLVMZ20191130154347310023",
        "order_status": "ordered",
        "created": "2019-11-30T15:43:47.310Z",
        "updated": "2019-11-30T15:43:47.697Z",
        "total": "15080.00",
        "shipping": "40.00",
        "billing_profile": 2,
        "shipping_proile": 8,
        "order_item": [
            13
        ]
    }
},
{
    "model": "order.orders",
    "pk": 23,
    "fields": {
        "user": 1,
        "order_id": "ORVMF20191130154735793676",
        "order_status": "ordered",
        "created": "2019-11-30T15:47:35.794Z",
        "updated": "2019-11-30T15:47:36.190Z",
        "total": "15080.00",
        "shipping": "40.00",
        "billing_profile": 2,
        "shipping_proile": 8,
        "order_item": [
            14
        ]
    }
},
{
    "model": "order.orders",
    "pk": 24,
    "fields": {
        "user": 1,
        "order_id": "OLRNK20191130155223338167",
        "order_status": "ordered",
        "created": "2019-11-30T15:52:23.339Z",
        "updated": "2019-11-30T15:52:23.696Z",
        "total": "15080.00",
        "shipping": "40.00",
        "billing_profile": 2,
        "shipping_proile": 8,
        "order_item": [
            15
        ]
    }
},
{
    "model": "order.orders",
    "pk": 25,
    "fields": {
        "user": 1,
        "order_id": "OXHNN20191130155258459479",
        "order_status": "ordered",
        "created": "2019-11-30T15:52:58.460Z",
        "updated": "2019-11-30T15:52:58.823Z",
        "total": "15080.00",
        "shipping": "40.00",
        "billing_profile": 2,
        "shipping_proile": 8,
        "order_item": [
            16
        ]
    }
},
{
    "model": "order.orders",
    "pk": 26,
    "fields": {
        "user": 1,
        "order_id": "OGCGY20191130160017067997",
        "order_status": "ordered",
        "created": "2019-11-30T16:00:17.067Z",
        "updated": "2019-11-30T16:00:17.442Z",
        "total": "12080.00",
        "shipping": "40.00",
        "billing_profile": 2,
        "shipping_proile": 6,
        "order_item": [
            17
        ]
    }
},
{
    "model": "order.orders",
    "pk": 27,
    "fields": {
        "user": 1,
        "order_id": "OWWTL20191130160209660696",
        "order_status": "ordered",
        "created": "2019-11-30T16:02:09.660Z",
        "updated": "2019-11-30T16:02:10.080Z",
        "total": "12080.00",
        "shipping": "40.00",
        "billing_profile": 2,
        "shipping_proile": 7,
        "order_item": [
            18
        ]
    }
},
{
    "model": "order.orders",
    "pk": 28,
    "fields": {
        "user": 1,
        "order_id": "OWHFT20191208061800380576",
        "order_status": "ordered",
        "created": "2019-12-08T06:18:00.380Z",
        "updated": "2019-12-08T06:18:00.818Z",
        "total": "619.00",
        "shipping": "40.00",
        "billing_profile": 2,
        "shipping_proile": 6,
        "order_item": [
            19
        ]
    }
},
{
    "model": "order.orders",
    "pk": 29,
    "fields": {
        "user": 1,
        "order_id": "OAZIA20191216162533155700",
        "order_status": "ordered",
        "created": "2019-12-16T16:25:33.156Z",
        "updated": "2019-12-16T16:25:33.842Z",
        "total": "13479.00",
        "shipping": "40.00",
        "billing_profile": 2,
        "shipping_proile": 6,
        "order_item": [
            20
        ]
    }
},
{
    "model": "order.orders",
    "pk": 30,
    "fields": {
        "user": 1,
        "order_id": "OXZIK20200101180327464954",
        "order_status": "ordered",
        "created": "2020-01-01T18:03:27.464Z",
        "updated": "2020-01-01T18:03:27.918Z",
        "total": "24080.00",
        "shipping": "40.00",
        "billing_profile": 2,
        "shipping_proile": 6,
        "order_item": [
            21
        ]
    }
},
{
    "model": "cart.cart",
    "pk": 35,
    "fields": {
        "user": 1,
        "total": "200.00",
        "updated": "2020-01-04T06:56:11.495Z",
        "created": "2020-01-04T06:56:11.069Z",
        "cart_item": [
            14
        ]
    }
},
{
    "model": "analytics.objectviewed",
    "pk": 1,
    "fields": {
        "user": 1,
        "ip": "127.0.0.0",
        "content_type": 7,
        "object_id": 1,
        "created": "2019-11-15T14:09:52.651Z"
    }
},
{
    "model": "analytics.objectviewed",
    "pk": 2,
    "fields": {
        "user": 1,
        "ip": "127.0.0.1",
        "content_type": 7,
        "object_id": 1,
        "created": "2019-11-15T15:07:07.923Z"
    }
},
{
    "model": "analytics.objectviewed",
    "pk": 3,
    "fields": {
        "user": 1,
        "ip": "127.0.0.1",
        "content_type": 7,
        "object_id": 2,
        "created": "2019-11-15T15:07:27.773Z"
    }
},
{
    "model": "analytics.objectviewed",
    "pk": 4,
    "fields": {
        "user": 1,
        "ip": "127.0.0.1",
        "content_type": 7,
        "object_id": 1,
        "created": "2019-11-30T15:21:54.845Z"
    }
},
{
    "model": "analytics.objectviewed",
    "pk": 5,
    "fields": {
        "user": 1,
        "ip": "127.0.0.1",
        "content_type": 7,
        "object_id": 1,
        "created": "2019-11-30T15:22:03.472Z"
    }
},
{
    "model": "analytics.objectviewed",
    "pk": 6,
    "fields": {
        "user": 1,
        "ip": "127.0.0.1",
        "content_type": 7,
        "object_id": 1,
        "created": "2019-11-30T15:36:29.485Z"
    }
},
{
    "model": "analytics.objectviewed",
    "pk": 7,
    "fields": {
        "user": 1,
        "ip": "127.0.0.1",
        "content_type": 7,
        "object_id": 1,
        "created": "2019-11-30T15:36:36.227Z"
    }
},
{
    "model": "analytics.objectviewed",
    "pk": 8,
    "fields": {
        "user": 1,
        "ip": "127.0.0.1",
        "content_type": 7,
        "object_id": 3,
        "created": "2019-11-30T15:43:06.256Z"
    }
},
{
    "model": "analytics.objectviewed",
    "pk": 9,
    "fields": {
        "user": 1,
        "ip": "127.0.0.1",
        "content_type": 7,
        "object_id": 3,
        "created": "2019-11-30T15:43:14.009Z"
    }
},
{
    "model": "analytics.objectviewed",
    "pk": 10,
    "fields": {
        "user": 1,
        "ip": "127.0.0.1",
        "content_type": 7,
        "object_id": 1,
        "created": "2019-11-30T15:59:46.670Z"
    }
},
{
    "model": "analytics.objectviewed",
    "pk": 11,
    "fields": {
        "user": 1,
        "ip": "127.0.0.1",
        "content_type": 7,
        "object_id": 1,
        "created": "2019-11-30T15:59:53.352Z"
    }
},
{
    "model": "analytics.objectviewed",
    "pk": 12,
    "fields": {
        "user": 1,
        "ip": "127.0.0.1",
        "content_type": 7,
        "object_id": 2,
        "created": "2019-11-30T16:01:44.010Z"
    }
},
{
    "model": "analytics.objectviewed",
    "pk": 13,
    "fields": {
        "user": 1,
        "ip": "127.0.0.1",
        "content_type": 7,
        "object_id": 2,
        "created": "2019-11-30T16:01:51.678Z"
    }
},
{
    "model": "analytics.objectviewed",
    "pk": 14,
    "fields": {
        "user": 1,
        "ip": "127.0.0.1",
        "content_type": 7,
        "object_id": 1,
        "created": "2019-11-30T17:32:07.142Z"
    }
},
{
    "model": "analytics.objectviewed",
    "pk": 15,
    "fields": {
        "user": 1,
        "ip": "127.0.0.1",
        "content_type": 7,
        "object_id": 2,
        "created": "2019-12-08T05:32:01.016Z"
    }
},
{
    "model": "analytics.objectviewed",
    "pk": 16,
    "fields": {
        "user": 1,
        "ip": "127.0.0.1",
        "content_type": 7,
        "object_id": 1,
        "created": "2019-12-08T05:44:14.311Z"
    }
},
{
    "model": "analytics.objectviewed",
    "pk": 17,
    "fields": {
        "user": 1,
        "ip": "127.0.0.1",
        "content_type": 7,
        "object_id": 6,
        "created": "2019-12-08T06:05:26.008Z"
    }
},
{
    "model": "analytics.objectviewed",
    "pk": 18,
    "fields": {
        "user": 1,
        "ip": "127.0.0.1",
        "content_type": 7,
        "object_id": 7,
        "created": "2019-12-08T06:17:07.991Z"
    }
},
{
    "model": "analytics.objectviewed",
    "pk": 19,
    "fields": {
        "user": 1,
        "ip": "127.0.0.1",
        "content_type": 7,
        "object_id": 7,
        "created": "2019-12-08T06:17:22.198Z"
    }
},
{
    "model": "analytics.objectviewed",
    "pk": 20,
    "fields": {
        "user": 1,
        "ip": "127.0.0.1",
        "content_type": 7,
        "object_id": 6,
        "created": "2019-12-16T16:24:43.279Z"
    }
},
{
    "model": "analytics.objectviewed",
    "pk": 21,
    "fields": {
        "user": 1,
        "ip": "127.0.0.1",
        "content_type": 7,
        "object_id": 6,
        "created": "2019-12-16T16:24:53.492Z"
    }
},
{
    "model": "analytics.objectviewed",
    "pk": 22,
    "fields": {
        "user": 1,
        "ip": "127.0.0.1",
        "content_type": 7,
        "object_id": 1,
        "created": "2020-01-01T18:02:46.174Z"
    }
},
{
    "model": "analytics.objectviewed",
    "pk": 23,
    "fields": {
        "user": 1,
        "ip": "127.0.0.1",
        "content_type": 7,
        "object_id": 1,
        "created": "2020-01-01T18:02:56.014Z"
    }
},
{
    "model": "analytics.objectviewed",
    "pk": 24,
    "fields": {
        "user": 1,
        "ip": "127.0.0.1",
        "content_type": 7,
        "object_id": 4,
        "created": "2020-01-04T06:55:56.947Z"
    }
},
{
    "model": "analytics.objectviewed",
    "pk": 25,
    "fields": {
        "user": 1,
        "ip": "127.0.0.1",
        "content_type": 7,
        "object_id": 4,
        "created": "2020-01-04T06:56:11.640Z"
    }
},
{
    "model": "auth.permission",
    "pk": 1,
    "fields": {
        "name": "Can add log entry",
        "content_type": 1,
        "codename": "add_logentry"
    }
},
{
    "model": "auth.permission",
    "pk": 2,
    "fields": {
        "name": "Can change log entry",
        "content_type": 1,
        "codename": "change_logentry"
    }
},
{
    "model": "auth.permission",
    "pk": 3,
    "fields": {
        "name": "Can delete log entry",
        "content_type": 1,
        "codename": "delete_logentry"
    }
},
{
    "model": "auth.permission",
    "pk": 4,
    "fields": {
        "name": "Can view log entry",
        "content_type": 1,
        "codename": "view_logentry"
    }
},
{
    "model": "auth.permission",
    "pk": 5,
    "fields": {
        "name": "Can add permission",
        "content_type": 2,
        "codename": "add_permission"
    }
},
{
    "model": "auth.permission",
    "pk": 6,
    "fields": {
        "name": "Can change permission",
        "content_type": 2,
        "codename": "change_permission"
    }
},
{
    "model": "auth.permission",
    "pk": 7,
    "fields": {
        "name": "Can delete permission",
        "content_type": 2,
        "codename": "delete_permission"
    }
},
{
    "model": "auth.permission",
    "pk": 8,
    "fields": {
        "name": "Can view permission",
        "content_type": 2,
        "codename": "view_permission"
    }
},
{
    "model": "auth.permission",
    "pk": 9,
    "fields": {
        "name": "Can add group",
        "content_type": 3,
        "codename": "add_group"
    }
},
{
    "model": "auth.permission",
    "pk": 10,
    "fields": {
        "name": "Can change group",
        "content_type": 3,
        "codename": "change_group"
    }
},
{
    "model": "auth.permission",
    "pk": 11,
    "fields": {
        "name": "Can delete group",
        "content_type": 3,
        "codename": "delete_group"
    }
},
{
    "model": "auth.permission",
    "pk": 12,
    "fields": {
        "name": "Can view group",
        "content_type": 3,
        "codename": "view_group"
    }
},
{
    "model": "auth.permission",
    "pk": 13,
    "fields": {
        "name": "Can add user",
        "content_type": 4,
        "codename": "add_user"
    }
},
{
    "model": "auth.permission",
    "pk": 14,
    "fields": {
        "name": "Can change user",
        "content_type": 4,
        "codename": "change_user"
    }
},
{
    "model": "auth.permission",
    "pk": 15,
    "fields": {
        "name": "Can delete user",
        "content_type": 4,
        "codename": "delete_user"
    }
},
{
    "model": "auth.permission",
    "pk": 16,
    "fields": {
        "name": "Can view user",
        "content_type": 4,
        "codename": "view_user"
    }
},
{
    "model": "auth.permission",
    "pk": 17,
    "fields": {
        "name": "Can add content type",
        "content_type": 5,
        "codename": "add_contenttype"
    }
},
{
    "model": "auth.permission",
    "pk": 18,
    "fields": {
        "name": "Can change content type",
        "content_type": 5,
        "codename": "change_contenttype"
    }
},
{
    "model": "auth.permission",
    "pk": 19,
    "fields": {
        "name": "Can delete content type",
        "content_type": 5,
        "codename": "delete_contenttype"
    }
},
{
    "model": "auth.permission",
    "pk": 20,
    "fields": {
        "name": "Can view content type",
        "content_type": 5,
        "codename": "view_contenttype"
    }
},
{
    "model": "auth.permission",
    "pk": 21,
    "fields": {
        "name": "Can add session",
        "content_type": 6,
        "codename": "add_session"
    }
},
{
    "model": "auth.permission",
    "pk": 22,
    "fields": {
        "name": "Can change session",
        "content_type": 6,
        "codename": "change_session"
    }
},
{
    "model": "auth.permission",
    "pk": 23,
    "fields": {
        "name": "Can delete session",
        "content_type": 6,
        "codename": "delete_session"
    }
},
{
    "model": "auth.permission",
    "pk": 24,
    "fields": {
        "name": "Can view session",
        "content_type": 6,
        "codename": "view_session"
    }
},
{
    "model": "auth.permission",
    "pk": 25,
    "fields": {
        "name": "Can add product",
        "content_type": 7,
        "codename": "add_product"
    }
},
{
    "model": "auth.permission",
    "pk": 26,
    "fields": {
        "name": "Can change product",
        "content_type": 7,
        "codename": "change_product"
    }
},
{
    "model": "auth.permission",
    "pk": 27,
    "fields": {
        "name": "Can delete product",
        "content_type": 7,
        "codename": "delete_product"
    }
},
{
    "model": "auth.permission",
    "pk": 28,
    "fields": {
        "name": "Can view product",
        "content_type": 7,
        "codename": "view_product"
    }
},
{
    "model": "auth.permission",
    "pk": 29,
    "fields": {
        "name": "Can add tag",
        "content_type": 8,
        "codename": "add_tag"
    }
},
{
    "model": "auth.permission",
    "pk": 30,
    "fields": {
        "name": "Can change tag",
        "content_type": 8,
        "codename": "change_tag"
    }
},
{
    "model": "auth.permission",
    "pk": 31,
    "fields": {
        "name": "Can delete tag",
        "content_type": 8,
        "codename": "delete_tag"
    }
},
{
    "model": "auth.permission",
    "pk": 32,
    "fields": {
        "name": "Can view tag",
        "content_type": 8,
        "codename": "view_tag"
    }
},
{
    "model": "auth.permission",
    "pk": 33,
    "fields": {
        "name": "Can add cart",
        "content_type": 9,
        "codename": "add_cart"
    }
},
{
    "model": "auth.permission",
    "pk": 34,
    "fields": {
        "name": "Can change cart",
        "content_type": 9,
        "codename": "change_cart"
    }
},
{
    "model": "auth.permission",
    "pk": 35,
    "fields": {
        "name": "Can delete cart",
        "content_type": 9,
        "codename": "delete_cart"
    }
},
{
    "model": "auth.permission",
    "pk": 36,
    "fields": {
        "name": "Can view cart",
        "content_type": 9,
        "codename": "view_cart"
    }
},
{
    "model": "auth.permission",
    "pk": 37,
    "fields": {
        "name": "Can add orders",
        "content_type": 10,
        "codename": "add_orders"
    }
},
{
    "model": "auth.permission",
    "pk": 38,
    "fields": {
        "name": "Can change orders",
        "content_type": 10,
        "codename": "change_orders"
    }
},
{
    "model": "auth.permission",
    "pk": 39,
    "fields": {
        "name": "Can delete orders",
        "content_type": 10,
        "codename": "delete_orders"
    }
},
{
    "model": "auth.permission",
    "pk": 40,
    "fields": {
        "name": "Can view orders",
        "content_type": 10,
        "codename": "view_orders"
    }
},
{
    "model": "auth.permission",
    "pk": 41,
    "fields": {
        "name": "Can add cart_item",
        "content_type": 11,
        "codename": "add_cart_item"
    }
},
{
    "model": "auth.permission",
    "pk": 42,
    "fields": {
        "name": "Can change cart_item",
        "content_type": 11,
        "codename": "change_cart_item"
    }
},
{
    "model": "auth.permission",
    "pk": 43,
    "fields": {
        "name": "Can delete cart_item",
        "content_type": 11,
        "codename": "delete_cart_item"
    }
},
{
    "model": "auth.permission",
    "pk": 44,
    "fields": {
        "name": "Can view cart_item",
        "content_type": 11,
        "codename": "view_cart_item"
    }
},
{
    "model": "auth.permission",
    "pk": 45,
    "fields": {
        "name": "Can add order_item",
        "content_type": 12,
        "codename": "add_order_item"
    }
},
{
    "model": "auth.permission",
    "pk": 46,
    "fields": {
        "name": "Can change order_item",
        "content_type": 12,
        "codename": "change_order_item"
    }
},
{
    "model": "auth.permission",
    "pk": 47,
    "fields": {
        "name": "Can delete order_item",
        "content_type": 12,
        "codename": "delete_order_item"
    }
},
{
    "model": "auth.permission",
    "pk": 48,
    "fields": {
        "name": "Can view order_item",
        "content_type": 12,
        "codename": "view_order_item"
    }
},
{
    "model": "auth.permission",
    "pk": 49,
    "fields": {
        "name": "Can add address",
        "content_type": 13,
        "codename": "add_address"
    }
},
{
    "model": "auth.permission",
    "pk": 50,
    "fields": {
        "name": "Can change address",
        "content_type": 13,
        "codename": "change_address"
    }
},
{
    "model": "auth.permission",
    "pk": 51,
    "fields": {
        "name": "Can delete address",
        "content_type": 13,
        "codename": "delete_address"
    }
},
{
    "model": "auth.permission",
    "pk": 52,
    "fields": {
        "name": "Can view address",
        "content_type": 13,
        "codename": "view_address"
    }
},
{
    "model": "auth.permission",
    "pk": 53,
    "fields": {
        "name": "Can add billing_ profile",
        "content_type": 14,
        "codename": "add_billing_profile"
    }
},
{
    "model": "auth.permission",
    "pk": 54,
    "fields": {
        "name": "Can change billing_ profile",
        "content_type": 14,
        "codename": "change_billing_profile"
    }
},
{
    "model": "auth.permission",
    "pk": 55,
    "fields": {
        "name": "Can delete billing_ profile",
        "content_type": 14,
        "codename": "delete_billing_profile"
    }
},
{
    "model": "auth.permission",
    "pk": 56,
    "fields": {
        "name": "Can view billing_ profile",
        "content_type": 14,
        "codename": "view_billing_profile"
    }
},
{
    "model": "auth.permission",
    "pk": 57,
    "fields": {
        "name": "Can add card",
        "content_type": 15,
        "codename": "add_card"
    }
},
{
    "model": "auth.permission",
    "pk": 58,
    "fields": {
        "name": "Can change card",
        "content_type": 15,
        "codename": "change_card"
    }
},
{
    "model": "auth.permission",
    "pk": 59,
    "fields": {
        "name": "Can delete card",
        "content_type": 15,
        "codename": "delete_card"
    }
},
{
    "model": "auth.permission",
    "pk": 60,
    "fields": {
        "name": "Can view card",
        "content_type": 15,
        "codename": "view_card"
    }
},
{
    "model": "auth.permission",
    "pk": 61,
    "fields": {
        "name": "Can add shipping_ profile",
        "content_type": 16,
        "codename": "add_shipping_profile"
    }
},
{
    "model": "auth.permission",
    "pk": 62,
    "fields": {
        "name": "Can change shipping_ profile",
        "content_type": 16,
        "codename": "change_shipping_profile"
    }
},
{
    "model": "auth.permission",
    "pk": 63,
    "fields": {
        "name": "Can delete shipping_ profile",
        "content_type": 16,
        "codename": "delete_shipping_profile"
    }
},
{
    "model": "auth.permission",
    "pk": 64,
    "fields": {
        "name": "Can view shipping_ profile",
        "content_type": 16,
        "codename": "view_shipping_profile"
    }
},
{
    "model": "auth.permission",
    "pk": 65,
    "fields": {
        "name": "Can add object viewed",
        "content_type": 17,
        "codename": "add_objectviewed"
    }
},
{
    "model": "auth.permission",
    "pk": 66,
    "fields": {
        "name": "Can change object viewed",
        "content_type": 17,
        "codename": "change_objectviewed"
    }
},
{
    "model": "auth.permission",
    "pk": 67,
    "fields": {
        "name": "Can delete object viewed",
        "content_type": 17,
        "codename": "delete_objectviewed"
    }
},
{
    "model": "auth.permission",
    "pk": 68,
    "fields": {
        "name": "Can view object viewed",
        "content_type": 17,
        "codename": "view_objectviewed"
    }
},
{
    "model": "auth.permission",
    "pk": 69,
    "fields": {
        "name": "Can add purchase",
        "content_type": 18,
        "codename": "add_purchase"
    }
},
{
    "model": "auth.permission",
    "pk": 70,
    "fields": {
        "name": "Can change purchase",
        "content_type": 18,
        "codename": "change_purchase"
    }
},
{
    "model": "auth.permission",
    "pk": 71,
    "fields": {
        "name": "Can delete purchase",
        "content_type": 18,
        "codename": "delete_purchase"
    }
},
{
    "model": "auth.permission",
    "pk": 72,
    "fields": {
        "name": "Can view purchase",
        "content_type": 18,
        "codename": "view_purchase"
    }
},
{
    "model": "auth.permission",
    "pk": 73,
    "fields": {
        "name": "Can add payments",
        "content_type": 19,
        "codename": "add_payments"
    }
},
{
    "model": "auth.permission",
    "pk": 74,
    "fields": {
        "name": "Can change payments",
        "content_type": 19,
        "codename": "change_payments"
    }
},
{
    "model": "auth.permission",
    "pk": 75,
    "fields": {
        "name": "Can delete payments",
        "content_type": 19,
        "codename": "delete_payments"
    }
},
{
    "model": "auth.permission",
    "pk": 76,
    "fields": {
        "name": "Can view payments",
        "content_type": 19,
        "codename": "view_payments"
    }
},
{
    "model": "auth.permission",
    "pk": 77,
    "fields": {
        "name": "Can add user",
        "content_type": 20,
        "codename": "add_user"
    }
},
{
    "model": "auth.permission",
    "pk": 78,
    "fields": {
        "name": "Can change user",
        "content_type": 20,
        "codename": "change_user"
    }
},
{
    "model": "auth.permission",
    "pk": 79,
    "fields": {
        "name": "Can delete user",
        "content_type": 20,
        "codename": "delete_user"
    }
},
{
    "model": "auth.permission",
    "pk": 80,
    "fields": {
        "name": "Can view user",
        "content_type": 20,
        "codename": "view_user"
    }
},
{
    "model": "admin.logentry",
    "pk": 1,
    "fields": {
        "action_time": "2019-10-30T11:42:04.137Z",
        "user": 1,
        "content_type": 7,
        "object_id": "1",
        "object_repr": "Product object (1)",
        "action_flag": 1,
        "change_message": "[{\"added\": {}}]"
    }
},
{
    "model": "admin.logentry",
    "pk": 2,
    "fields": {
        "action_time": "2019-10-30T17:14:22.060Z",
        "user": 1,
        "content_type": 7,
        "object_id": "2",
        "object_repr": "Redmi Note 7",
        "action_flag": 1,
        "change_message": "[{\"added\": {}}]"
    }
},
{
    "model": "admin.logentry",
    "pk": 3,
    "fields": {
        "action_time": "2019-10-30T18:27:36.556Z",
        "user": 1,
        "content_type": 7,
        "object_id": "2",
        "object_repr": "Redmi Note 7",
        "action_flag": 2,
        "change_message": "[{\"changed\": {\"fields\": [\"image\"]}}]"
    }
},
{
    "model": "admin.logentry",
    "pk": 4,
    "fields": {
        "action_time": "2019-10-30T19:11:03.531Z",
        "user": 1,
        "content_type": 7,
        "object_id": "2",
        "object_repr": "Redmi Note 7",
        "action_flag": 2,
        "change_message": "[{\"changed\": {\"fields\": [\"image\"]}}]"
    }
},
{
    "model": "admin.logentry",
    "pk": 5,
    "fields": {
        "action_time": "2019-10-30T19:22:14.116Z",
        "user": 1,
        "content_type": 7,
        "object_id": "2",
        "object_repr": "Redmi Note 7",
        "action_flag": 2,
        "change_message": "[{\"changed\": {\"fields\": [\"image\"]}}]"
    }
},
{
    "model": "admin.logentry",
    "pk": 6,
    "fields": {
        "action_time": "2019-10-30T19:35:03.011Z",
        "user": 1,
        "content_type": 7,
        "object_id": "2",
        "object_repr": "Redmi Note 7",
        "action_flag": 2,
        "change_message": "[{\"changed\": {\"fields\": [\"image\"]}}]"
    }
},
{
    "model": "admin.logentry",
    "pk": 7,
    "fields": {
        "action_time": "2019-10-30T19:42:38.275Z",
        "user": 1,
        "content_type": 7,
        "object_id": "2",
        "object_repr": "Redmi Note 7",
        "action_flag": 2,
        "change_message": "[{\"changed\": {\"fields\": [\"image\"]}}]"
    }
},
{
    "model": "admin.logentry",
    "pk": 8,
    "fields": {
        "action_time": "2019-10-30T19:43:05.421Z",
        "user": 1,
        "content_type": 7,
        "object_id": "2",
        "object_repr": "Redmi Note 7",
        "action_flag": 2,
        "change_message": "[{\"changed\": {\"fields\": [\"image\"]}}]"
    }
},
{
    "model": "admin.logentry",
    "pk": 9,
    "fields": {
        "action_time": "2019-10-30T19:50:51.070Z",
        "user": 1,
        "content_type": 7,
        "object_id": "2",
        "object_repr": "Redmi Note 7",
        "action_flag": 2,
        "change_message": "[{\"changed\": {\"fields\": [\"image\"]}}]"
    }
},
{
    "model": "admin.logentry",
    "pk": 10,
    "fields": {
        "action_time": "2019-10-30T19:54:23.503Z",
        "user": 1,
        "content_type": 7,
        "object_id": "2",
        "object_repr": "Redmi Note 7",
        "action_flag": 2,
        "change_message": "[{\"changed\": {\"fields\": [\"image\"]}}]"
    }
},
{
    "model": "admin.logentry",
    "pk": 11,
    "fields": {
        "action_time": "2019-10-30T19:55:10.309Z",
        "user": 1,
        "content_type": 7,
        "object_id": "2",
        "object_repr": "Redmi Note 7",
        "action_flag": 2,
        "change_message": "[{\"changed\": {\"fields\": [\"image\"]}}]"
    }
},
{
    "model": "admin.logentry",
    "pk": 12,
    "fields": {
        "action_time": "2019-10-30T19:57:38.044Z",
        "user": 1,
        "content_type": 7,
        "object_id": "2",
        "object_repr": "Redmi Note 7",
        "action_flag": 2,
        "change_message": "[{\"changed\": {\"fields\": [\"image\"]}}]"
    }
},
{
    "model": "admin.logentry",
    "pk": 13,
    "fields": {
        "action_time": "2019-10-30T19:57:53.099Z",
        "user": 1,
        "content_type": 7,
        "object_id": "2",
        "object_repr": "Redmi Note 7",
        "action_flag": 2,
        "change_message": "[{\"changed\": {\"fields\": [\"image\"]}}]"
    }
},
{
    "model": "admin.logentry",
    "pk": 14,
    "fields": {
        "action_time": "2019-10-30T19:58:08.402Z",
        "user": 1,
        "content_type": 7,
        "object_id": "2",
        "object_repr": "Redmi Note 7",
        "action_flag": 2,
        "change_message": "[{\"changed\": {\"fields\": [\"image\"]}}]"
    }
},
{
    "model": "admin.logentry",
    "pk": 15,
    "fields": {
        "action_time": "2019-10-31T11:09:11.126Z",
        "user": 1,
        "content_type": 7,
        "object_id": "2",
        "object_repr": "Redmi Note 7",
        "action_flag": 3,
        "change_message": ""
    }
},
{
    "model": "admin.logentry",
    "pk": 16,
    "fields": {
        "action_time": "2019-10-31T11:09:17.804Z",
        "user": 1,
        "content_type": 7,
        "object_id": "1",
        "object_repr": "Samsung Note 7",
        "action_flag": 3,
        "change_message": ""
    }
},
{
    "model": "admin.logentry",
    "pk": 17,
    "fields": {
        "action_time": "2019-10-31T11:13:01.066Z",
        "user": 1,
        "content_type": 7,
        "object_id": "1",
        "object_repr": "Samsung Note 7",
        "action_flag": 1,
        "change_message": "[{\"added\": {}}]"
    }
},
{
    "model": "admin.logentry",
    "pk": 18,
    "fields": {
        "action_time": "2019-11-02T08:23:19.378Z",
        "user": 1,
        "content_type": 7,
        "object_id": "1",
        "object_repr": "Samsung Note 7",
        "action_flag": 2,
        "change_message": "[{\"changed\": {\"fields\": [\"image\"]}}]"
    }
},
{
    "model": "admin.logentry",
    "pk": 19,
    "fields": {
        "action_time": "2019-11-02T08:35:12.287Z",
        "user": 1,
        "content_type": 7,
        "object_id": "2",
        "object_repr": "Redmi Note 7",
        "action_flag": 1,
        "change_message": "[{\"added\": {}}]"
    }
},
{
    "model": "admin.logentry",
    "pk": 20,
    "fields": {
        "action_time": "2019-11-02T10:43:28.307Z",
        "user": 1,
        "content_type": 7,
        "object_id": "3",
        "object_repr": "Redmi Note 8",
        "action_flag": 1,
        "change_message": "[{\"added\": {}}]"
    }
},
{
    "model": "admin.logentry",
    "pk": 21,
    "fields": {
        "action_time": "2019-11-02T14:46:45.183Z",
        "user": 1,
        "content_type": 8,
        "object_id": "1",
        "object_repr": "Tag object (1)",
        "action_flag": 1,
        "change_message": "[{\"added\": {}}]"
    }
},
{
    "model": "admin.logentry",
    "pk": 22,
    "fields": {
        "action_time": "2019-11-02T14:47:27.864Z",
        "user": 1,
        "content_type": 8,
        "object_id": "2",
        "object_repr": "Tag object (2)",
        "action_flag": 1,
        "change_message": "[{\"added\": {}}]"
    }
},
{
    "model": "admin.logentry",
    "pk": 23,
    "fields": {
        "action_time": "2019-11-02T14:48:10.621Z",
        "user": 1,
        "content_type": 7,
        "object_id": "1",
        "object_repr": "Samsung Note 7",
        "action_flag": 2,
        "change_message": "[{\"changed\": {\"fields\": [\"description\"]}}]"
    }
},
{
    "model": "admin.logentry",
    "pk": 24,
    "fields": {
        "action_time": "2019-11-02T14:48:23.621Z",
        "user": 1,
        "content_type": 8,
        "object_id": "3",
        "object_repr": "Tag object (3)",
        "action_flag": 1,
        "change_message": "[{\"added\": {}}]"
    }
},
{
    "model": "admin.logentry",
    "pk": 25,
    "fields": {
        "action_time": "2019-11-02T17:04:40.502Z",
        "user": 1,
        "content_type": 9,
        "object_id": "1",
        "object_repr": "1",
        "action_flag": 1,
        "change_message": "[{\"added\": {}}]"
    }
},
{
    "model": "admin.logentry",
    "pk": 26,
    "fields": {
        "action_time": "2019-11-02T17:04:48.760Z",
        "user": 1,
        "content_type": 9,
        "object_id": "1",
        "object_repr": "1",
        "action_flag": 3,
        "change_message": ""
    }
},
{
    "model": "admin.logentry",
    "pk": 27,
    "fields": {
        "action_time": "2019-11-03T14:34:47.657Z",
        "user": 1,
        "content_type": 9,
        "object_id": "2",
        "object_repr": "2",
        "action_flag": 1,
        "change_message": "[{\"added\": {}}]"
    }
},
{
    "model": "admin.logentry",
    "pk": 28,
    "fields": {
        "action_time": "2019-11-03T14:39:53.431Z",
        "user": 1,
        "content_type": 9,
        "object_id": "2",
        "object_repr": "2",
        "action_flag": 2,
        "change_message": "[{\"changed\": {\"fields\": [\"products\"]}}]"
    }
},
{
    "model": "admin.logentry",
    "pk": 29,
    "fields": {
        "action_time": "2019-11-03T15:03:40.234Z",
        "user": 1,
        "content_type": 9,
        "object_id": "2",
        "object_repr": "2",
        "action_flag": 2,
        "change_message": "[{\"changed\": {\"fields\": [\"products\"]}}]"
    }
},
{
    "model": "admin.logentry",
    "pk": 30,
    "fields": {
        "action_time": "2019-11-03T16:19:54.408Z",
        "user": 1,
        "content_type": 9,
        "object_id": "2",
        "object_repr": "2",
        "action_flag": 3,
        "change_message": ""
    }
},
{
    "model": "admin.logentry",
    "pk": 31,
    "fields": {
        "action_time": "2019-11-03T17:25:49.380Z",
        "user": 1,
        "content_type": 9,
        "object_id": "3",
        "object_repr": "3",
        "action_flag": 3,
        "change_message": ""
    }
},
{
    "model": "admin.logentry",
    "pk": 32,
    "fields": {
        "action_time": "2019-11-03T17:34:23.908Z",
        "user": 1,
        "content_type": 9,
        "object_id": "4",
        "object_repr": "4",
        "action_flag": 3,
        "change_message": ""
    }
},
{
    "model": "admin.logentry",
    "pk": 33,
    "fields": {
        "action_time": "2019-11-03T17:35:49.360Z",
        "user": 1,
        "content_type": 9,
        "object_id": "5",
        "object_repr": "5",
        "action_flag": 3,
        "change_message": ""
    }
},
{
    "model": "admin.logentry",
    "pk": 34,
    "fields": {
        "action_time": "2019-11-03T17:49:33.938Z",
        "user": 1,
        "content_type": 9,
        "object_id": "6",
        "object_repr": "6",
        "action_flag": 3,
        "change_message": ""
    }
},
{
    "model": "admin.logentry",
    "pk": 35,
    "fields": {
        "action_time": "2019-11-03T18:11:05.157Z",
        "user": 1,
        "content_type": 9,
        "object_id": "7",
        "object_repr": "7",
        "action_flag": 2,
        "change_message": "[]"
    }
},
{
    "model": "admin.logentry",
    "pk": 36,
    "fields": {
        "action_time": "2019-11-03T18:11:38.497Z",
        "user": 1,
        "content_type": 9,
        "object_id": "7",
        "object_repr": "7",
        "action_flag": 2,
        "change_message": "[{\"changed\": {\"fields\": [\"products\"]}}]"
    }
},
{
    "model": "admin.logentry",
    "pk": 37,
    "fields": {
        "action_time": "2019-11-03T18:12:44.033Z",
        "user": 1,
        "content_type": 9,
        "object_id": "7",
        "object_repr": "7",
        "action_flag": 2,
        "change_message": "[]"
    }
},
{
    "model": "admin.logentry",
    "pk": 38,
    "fields": {
        "action_time": "2019-11-03T18:13:02.779Z",
        "user": 1,
        "content_type": 9,
        "object_id": "7",
        "object_repr": "7",
        "action_flag": 2,
        "change_message": "[{\"changed\": {\"fields\": [\"products\"]}}]"
    }
},
{
    "model": "admin.logentry",
    "pk": 39,
    "fields": {
        "action_time": "2019-11-03T18:13:13.574Z",
        "user": 1,
        "content_type": 9,
        "object_id": "7",
        "object_repr": "7",
        "action_flag": 2,
        "change_message": "[]"
    }
},
{
    "model": "admin.logentry",
    "pk": 40,
    "fields": {
        "action_time": "2019-11-03T18:15:30.035Z",
        "user": 1,
        "content_type": 9,
        "object_id": "7",
        "object_repr": "7",
        "action_flag": 3,
        "change_message": ""
    }
},
{
    "model": "admin.logentry",
    "pk": 41,
    "fields": {
        "action_time": "2019-11-03T18:32:35.082Z",
        "user": 1,
        "content_type": 9,
        "object_id": "8",
        "object_repr": "8",
        "action_flag": 3,
        "change_message": ""
    }
},
{
    "model": "admin.logentry",
    "pk": 42,
    "fields": {
        "action_time": "2019-11-03T18:52:01.929Z",
        "user": 1,
        "content_type": 9,
        "object_id": "9",
        "object_repr": "9",
        "action_flag": 3,
        "change_message": ""
    }
},
{
    "model": "admin.logentry",
    "pk": 43,
    "fields": {
        "action_time": "2019-11-03T18:59:56.688Z",
        "user": 1,
        "content_type": 9,
        "object_id": "10",
        "object_repr": "10",
        "action_flag": 3,
        "change_message": ""
    }
},
{
    "model": "admin.logentry",
    "pk": 44,
    "fields": {
        "action_time": "2019-11-03T19:02:29.312Z",
        "user": 1,
        "content_type": 9,
        "object_id": "11",
        "object_repr": "11",
        "action_flag": 3,
        "change_message": ""
    }
},
{
    "model": "admin.logentry",
    "pk": 45,
    "fields": {
        "action_time": "2019-11-03T19:03:08.506Z",
        "user": 1,
        "content_type": 9,
        "object_id": "12",
        "object_repr": "12",
        "action_flag": 3,
        "change_message": ""
    }
},
{
    "model": "admin.logentry",
    "pk": 46,
    "fields": {
        "action_time": "2019-11-04T18:16:30.664Z",
        "user": 1,
        "content_type": 10,
        "object_id": "1",
        "object_repr": "Orders object (1)",
        "action_flag": 1,
        "change_message": "[{\"added\": {}}]"
    }
},
{
    "model": "admin.logentry",
    "pk": 47,
    "fields": {
        "action_time": "2019-11-04T19:00:35.101Z",
        "user": 1,
        "content_type": 10,
        "object_id": "2",
        "object_repr": "OEICE20191104190035091396",
        "action_flag": 1,
        "change_message": "[{\"added\": {}}]"
    }
},
{
    "model": "admin.logentry",
    "pk": 48,
    "fields": {
        "action_time": "2019-11-04T19:05:22.756Z",
        "user": 1,
        "content_type": 10,
        "object_id": "2",
        "object_repr": "OEICE20191104190035091396",
        "action_flag": 2,
        "change_message": "[]"
    }
},
{
    "model": "admin.logentry",
    "pk": 49,
    "fields": {
        "action_time": "2019-11-04T19:05:41.154Z",
        "user": 1,
        "content_type": 10,
        "object_id": "2",
        "object_repr": "OEICE20191104190035091396",
        "action_flag": 2,
        "change_message": "[{\"changed\": {\"fields\": [\"shipping\"]}}]"
    }
},
{
    "model": "admin.logentry",
    "pk": 50,
    "fields": {
        "action_time": "2019-11-04T19:05:57.151Z",
        "user": 1,
        "content_type": 10,
        "object_id": "2",
        "object_repr": "OEICE20191104190035091396",
        "action_flag": 2,
        "change_message": "[{\"changed\": {\"fields\": [\"products\"]}}]"
    }
},
{
    "model": "admin.logentry",
    "pk": 51,
    "fields": {
        "action_time": "2019-11-04T19:06:04.558Z",
        "user": 1,
        "content_type": 10,
        "object_id": "2",
        "object_repr": "OEICE20191104190035091396",
        "action_flag": 2,
        "change_message": "[]"
    }
},
{
    "model": "admin.logentry",
    "pk": 52,
    "fields": {
        "action_time": "2019-11-06T16:49:29.825Z",
        "user": 1,
        "content_type": 10,
        "object_id": "8",
        "object_repr": "OCFFS20191104202702017948",
        "action_flag": 3,
        "change_message": ""
    }
},
{
    "model": "admin.logentry",
    "pk": 53,
    "fields": {
        "action_time": "2019-11-06T16:49:30.005Z",
        "user": 1,
        "content_type": 10,
        "object_id": "7",
        "object_repr": "OIUNP20191104202511808277",
        "action_flag": 3,
        "change_message": ""
    }
},
{
    "model": "admin.logentry",
    "pk": 54,
    "fields": {
        "action_time": "2019-11-06T16:49:30.106Z",
        "user": 1,
        "content_type": 10,
        "object_id": "6",
        "object_repr": "OTYPZ20191104202119279759",
        "action_flag": 3,
        "change_message": ""
    }
},
{
    "model": "admin.logentry",
    "pk": 55,
    "fields": {
        "action_time": "2019-11-06T16:49:30.220Z",
        "user": 1,
        "content_type": 10,
        "object_id": "5",
        "object_repr": "OBQYF20191104201447181131",
        "action_flag": 3,
        "change_message": ""
    }
},
{
    "model": "admin.logentry",
    "pk": 56,
    "fields": {
        "action_time": "2019-11-06T16:49:30.327Z",
        "user": 1,
        "content_type": 10,
        "object_id": "4",
        "object_repr": "ONCCN20191104201121895465",
        "action_flag": 3,
        "change_message": ""
    }
},
{
    "model": "admin.logentry",
    "pk": 57,
    "fields": {
        "action_time": "2019-11-06T16:49:30.417Z",
        "user": 1,
        "content_type": 10,
        "object_id": "3",
        "object_repr": "OXIHS20191104200917873146",
        "action_flag": 3,
        "change_message": ""
    }
},
{
    "model": "admin.logentry",
    "pk": 58,
    "fields": {
        "action_time": "2019-11-06T16:49:30.558Z",
        "user": 1,
        "content_type": 10,
        "object_id": "2",
        "object_repr": "OEICE20191104190035091396",
        "action_flag": 3,
        "change_message": ""
    }
},
{
    "model": "admin.logentry",
    "pk": 59,
    "fields": {
        "action_time": "2019-11-06T16:49:30.686Z",
        "user": 1,
        "content_type": 10,
        "object_id": "1",
        "object_repr": "ABC20191104",
        "action_flag": 3,
        "change_message": ""
    }
},
{
    "model": "admin.logentry",
    "pk": 60,
    "fields": {
        "action_time": "2019-11-06T16:51:45.390Z",
        "user": 1,
        "content_type": 11,
        "object_id": "1",
        "object_repr": "cart_item object (1)",
        "action_flag": 1,
        "change_message": "[{\"added\": {}}]"
    }
},
{
    "model": "admin.logentry",
    "pk": 61,
    "fields": {
        "action_time": "2019-11-06T16:52:27.845Z",
        "user": 1,
        "content_type": 9,
        "object_id": "20",
        "object_repr": "20",
        "action_flag": 1,
        "change_message": "[{\"added\": {}}]"
    }
},
{
    "model": "admin.logentry",
    "pk": 62,
    "fields": {
        "action_time": "2019-11-06T16:55:40.992Z",
        "user": 1,
        "content_type": 9,
        "object_id": "20",
        "object_repr": "20",
        "action_flag": 2,
        "change_message": "[]"
    }
},
{
    "model": "admin.logentry",
    "pk": 63,
    "fields": {
        "action_time": "2019-11-06T16:56:02.685Z",
        "user": 1,
        "content_type": 11,
        "object_id": "1",
        "object_repr": "cart_item object (1)",
        "action_flag": 2,
        "change_message": "[{\"changed\": {\"fields\": [\"quantity\"]}}]"
    }
},
{
    "model": "admin.logentry",
    "pk": 64,
    "fields": {
        "action_time": "2019-11-06T16:56:15.697Z",
        "user": 1,
        "content_type": 11,
        "object_id": "2",
        "object_repr": "cart_item object (2)",
        "action_flag": 1,
        "change_message": "[{\"added\": {}}]"
    }
},
{
    "model": "admin.logentry",
    "pk": 65,
    "fields": {
        "action_time": "2019-11-06T16:57:12.451Z",
        "user": 1,
        "content_type": 9,
        "object_id": "20",
        "object_repr": "20",
        "action_flag": 2,
        "change_message": "[{\"changed\": {\"fields\": [\"cart_item\"]}}]"
    }
},
{
    "model": "admin.logentry",
    "pk": 66,
    "fields": {
        "action_time": "2019-11-06T16:57:49.149Z",
        "user": 1,
        "content_type": 9,
        "object_id": "20",
        "object_repr": "20",
        "action_flag": 2,
        "change_message": "[]"
    }
},
{
    "model": "admin.logentry",
    "pk": 67,
    "fields": {
        "action_time": "2019-11-06T17:28:01.785Z",
        "user": 1,
        "content_type": 11,
        "object_id": "2",
        "object_repr": "Redmi Note 7",
        "action_flag": 2,
        "change_message": "[]"
    }
},
{
    "model": "admin.logentry",
    "pk": 68,
    "fields": {
        "action_time": "2019-11-06T17:28:12.765Z",
        "user": 1,
        "content_type": 11,
        "object_id": "1",
        "object_repr": "Samsung Note 7",
        "action_flag": 2,
        "change_message": "[]"
    }
},
{
    "model": "admin.logentry",
    "pk": 69,
    "fields": {
        "action_time": "2019-11-06T17:29:32.140Z",
        "user": 1,
        "content_type": 9,
        "object_id": "20",
        "object_repr": "20",
        "action_flag": 2,
        "change_message": "[]"
    }
},
{
    "model": "admin.logentry",
    "pk": 70,
    "fields": {
        "action_time": "2019-11-06T17:29:44.816Z",
        "user": 1,
        "content_type": 9,
        "object_id": "20",
        "object_repr": "20",
        "action_flag": 2,
        "change_message": "[{\"changed\": {\"fields\": [\"cart_item\"]}}]"
    }
},
{
    "model": "admin.logentry",
    "pk": 71,
    "fields": {
        "action_time": "2019-11-06T17:29:50.632Z",
        "user": 1,
        "content_type": 9,
        "object_id": "20",
        "object_repr": "20",
        "action_flag": 2,
        "change_message": "[]"
    }
},
{
    "model": "admin.logentry",
    "pk": 72,
    "fields": {
        "action_time": "2019-11-06T18:12:58.682Z",
        "user": 1,
        "content_type": 11,
        "object_id": "3",
        "object_repr": "Redmi Note 8",
        "action_flag": 3,
        "change_message": ""
    }
},
{
    "model": "admin.logentry",
    "pk": 73,
    "fields": {
        "action_time": "2019-11-06T18:16:20.378Z",
        "user": 1,
        "content_type": 11,
        "object_id": "4",
        "object_repr": "Redmi Note 8",
        "action_flag": 3,
        "change_message": ""
    }
},
{
    "model": "admin.logentry",
    "pk": 74,
    "fields": {
        "action_time": "2019-11-06T18:19:15.073Z",
        "user": 1,
        "content_type": 11,
        "object_id": "5",
        "object_repr": "Redmi Note 8",
        "action_flag": 3,
        "change_message": ""
    }
},
{
    "model": "admin.logentry",
    "pk": 75,
    "fields": {
        "action_time": "2019-11-06T18:21:48.268Z",
        "user": 1,
        "content_type": 11,
        "object_id": "6",
        "object_repr": "Redmi Note 8",
        "action_flag": 3,
        "change_message": ""
    }
},
{
    "model": "admin.logentry",
    "pk": 76,
    "fields": {
        "action_time": "2019-11-06T18:24:06.886Z",
        "user": 1,
        "content_type": 11,
        "object_id": "7",
        "object_repr": "Redmi Note 8",
        "action_flag": 3,
        "change_message": ""
    }
},
{
    "model": "admin.logentry",
    "pk": 77,
    "fields": {
        "action_time": "2019-11-06T18:32:12.721Z",
        "user": 1,
        "content_type": 11,
        "object_id": "8",
        "object_repr": "Redmi Note 8",
        "action_flag": 3,
        "change_message": ""
    }
},
{
    "model": "admin.logentry",
    "pk": 78,
    "fields": {
        "action_time": "2019-11-06T18:33:04.049Z",
        "user": 1,
        "content_type": 11,
        "object_id": "9",
        "object_repr": "Redmi Note 8",
        "action_flag": 3,
        "change_message": ""
    }
},
{
    "model": "admin.logentry",
    "pk": 79,
    "fields": {
        "action_time": "2019-11-06T18:34:52.987Z",
        "user": 1,
        "content_type": 11,
        "object_id": "10",
        "object_repr": "Redmi Note 8",
        "action_flag": 3,
        "change_message": ""
    }
},
{
    "model": "admin.logentry",
    "pk": 80,
    "fields": {
        "action_time": "2019-11-08T15:20:54.558Z",
        "user": 1,
        "content_type": 10,
        "object_id": "9",
        "object_repr": "OVCFR20191108151913806485",
        "action_flag": 3,
        "change_message": ""
    }
},
{
    "model": "admin.logentry",
    "pk": 81,
    "fields": {
        "action_time": "2019-11-08T16:43:42.958Z",
        "user": 1,
        "content_type": 9,
        "object_id": "21",
        "object_repr": "21",
        "action_flag": 3,
        "change_message": ""
    }
},
{
    "model": "admin.logentry",
    "pk": 82,
    "fields": {
        "action_time": "2019-11-08T16:48:35.568Z",
        "user": 1,
        "content_type": 9,
        "object_id": "22",
        "object_repr": "22",
        "action_flag": 3,
        "change_message": ""
    }
},
{
    "model": "admin.logentry",
    "pk": 83,
    "fields": {
        "action_time": "2019-11-08T17:20:22.426Z",
        "user": 1,
        "content_type": 11,
        "object_id": "11",
        "object_repr": "Redmi Note 8_11",
        "action_flag": 3,
        "change_message": ""
    }
},
{
    "model": "admin.logentry",
    "pk": 84,
    "fields": {
        "action_time": "2019-11-08T17:20:22.514Z",
        "user": 1,
        "content_type": 11,
        "object_id": "2",
        "object_repr": "Redmi Note 7_2",
        "action_flag": 3,
        "change_message": ""
    }
},
{
    "model": "admin.logentry",
    "pk": 85,
    "fields": {
        "action_time": "2019-11-08T17:20:22.607Z",
        "user": 1,
        "content_type": 11,
        "object_id": "1",
        "object_repr": "Samsung Note 7_1",
        "action_flag": 3,
        "change_message": ""
    }
},
{
    "model": "admin.logentry",
    "pk": 86,
    "fields": {
        "action_time": "2019-11-08T17:21:52.299Z",
        "user": 1,
        "content_type": 9,
        "object_id": "23",
        "object_repr": "23",
        "action_flag": 3,
        "change_message": ""
    }
},
{
    "model": "admin.logentry",
    "pk": 87,
    "fields": {
        "action_time": "2019-11-08T17:25:08.779Z",
        "user": 1,
        "content_type": 10,
        "object_id": "11",
        "object_repr": "OKSVM20191108172419880935",
        "action_flag": 3,
        "change_message": ""
    }
},
{
    "model": "admin.logentry",
    "pk": 88,
    "fields": {
        "action_time": "2019-11-08T17:25:08.921Z",
        "user": 1,
        "content_type": 10,
        "object_id": "10",
        "object_repr": "OPPUQ20191108152116121669",
        "action_flag": 3,
        "change_message": ""
    }
},
{
    "model": "admin.logentry",
    "pk": 89,
    "fields": {
        "action_time": "2019-11-08T17:25:25.274Z",
        "user": 1,
        "content_type": 12,
        "object_id": "2",
        "object_repr": "order_item object (2)",
        "action_flag": 3,
        "change_message": ""
    }
},
{
    "model": "admin.logentry",
    "pk": 90,
    "fields": {
        "action_time": "2019-11-08T17:25:25.530Z",
        "user": 1,
        "content_type": 12,
        "object_id": "1",
        "object_repr": "order_item object (1)",
        "action_flag": 3,
        "change_message": ""
    }
},
{
    "model": "admin.logentry",
    "pk": 91,
    "fields": {
        "action_time": "2019-11-10T07:18:02.722Z",
        "user": 1,
        "content_type": 11,
        "object_id": "3",
        "object_repr": "Redmi Note 7_3",
        "action_flag": 3,
        "change_message": ""
    }
},
{
    "model": "admin.logentry",
    "pk": 92,
    "fields": {
        "action_time": "2019-11-10T07:18:02.824Z",
        "user": 1,
        "content_type": 11,
        "object_id": "2",
        "object_repr": "Redmi Note 8_2",
        "action_flag": 3,
        "change_message": ""
    }
},
{
    "model": "admin.logentry",
    "pk": 93,
    "fields": {
        "action_time": "2019-11-10T07:18:02.978Z",
        "user": 1,
        "content_type": 11,
        "object_id": "1",
        "object_repr": "Samsung Note 7_1",
        "action_flag": 3,
        "change_message": ""
    }
},
{
    "model": "admin.logentry",
    "pk": 94,
    "fields": {
        "action_time": "2019-11-10T14:12:33.209Z",
        "user": 1,
        "content_type": 10,
        "object_id": "14",
        "object_repr": "ONTNY20191110075936507355",
        "action_flag": 3,
        "change_message": ""
    }
},
{
    "model": "admin.logentry",
    "pk": 95,
    "fields": {
        "action_time": "2019-11-10T14:12:33.341Z",
        "user": 1,
        "content_type": 10,
        "object_id": "13",
        "object_repr": "OTLUN20191108174610622005",
        "action_flag": 3,
        "change_message": ""
    }
},
{
    "model": "admin.logentry",
    "pk": 96,
    "fields": {
        "action_time": "2019-11-10T14:12:33.450Z",
        "user": 1,
        "content_type": 10,
        "object_id": "12",
        "object_repr": "OJKVY20191108172646880727",
        "action_flag": 3,
        "change_message": ""
    }
},
{
    "model": "admin.logentry",
    "pk": 97,
    "fields": {
        "action_time": "2019-11-10T14:12:45.988Z",
        "user": 1,
        "content_type": 12,
        "object_id": "5",
        "object_repr": "order_item object (5)",
        "action_flag": 3,
        "change_message": ""
    }
},
{
    "model": "admin.logentry",
    "pk": 98,
    "fields": {
        "action_time": "2019-11-10T14:12:46.122Z",
        "user": 1,
        "content_type": 12,
        "object_id": "4",
        "object_repr": "order_item object (4)",
        "action_flag": 3,
        "change_message": ""
    }
},
{
    "model": "admin.logentry",
    "pk": 99,
    "fields": {
        "action_time": "2019-11-10T14:12:46.202Z",
        "user": 1,
        "content_type": 12,
        "object_id": "3",
        "object_repr": "order_item object (3)",
        "action_flag": 3,
        "change_message": ""
    }
},
{
    "model": "admin.logentry",
    "pk": 100,
    "fields": {
        "action_time": "2019-11-10T14:12:46.320Z",
        "user": 1,
        "content_type": 12,
        "object_id": "2",
        "object_repr": "order_item object (2)",
        "action_flag": 3,
        "change_message": ""
    }
},
{
    "model": "admin.logentry",
    "pk": 101,
    "fields": {
        "action_time": "2019-11-10T14:12:46.417Z",
        "user": 1,
        "content_type": 12,
        "object_id": "1",
        "object_repr": "order_item object (1)",
        "action_flag": 3,
        "change_message": ""
    }
},
{
    "model": "admin.logentry",
    "pk": 102,
    "fields": {
        "action_time": "2019-11-10T14:50:47.239Z",
        "user": 1,
        "content_type": 13,
        "object_id": "1",
        "object_repr": "Address object (1)",
        "action_flag": 1,
        "change_message": "[{\"added\": {}}]"
    }
},
{
    "model": "admin.logentry",
    "pk": 103,
    "fields": {
        "action_time": "2019-11-10T14:51:09.803Z",
        "user": 1,
        "content_type": 13,
        "object_id": "2",
        "object_repr": "Address object (2)",
        "action_flag": 1,
        "change_message": "[{\"added\": {}}]"
    }
},
{
    "model": "admin.logentry",
    "pk": 104,
    "fields": {
        "action_time": "2019-11-10T14:51:56.504Z",
        "user": 1,
        "content_type": 16,
        "object_id": "1",
        "object_repr": "Shipping_Profile object (1)",
        "action_flag": 1,
        "change_message": "[{\"added\": {}}]"
    }
},
{
    "model": "admin.logentry",
    "pk": 105,
    "fields": {
        "action_time": "2019-11-10T14:52:13.777Z",
        "user": 1,
        "content_type": 16,
        "object_id": "2",
        "object_repr": "Shipping_Profile object (2)",
        "action_flag": 1,
        "change_message": "[{\"added\": {}}]"
    }
},
{
    "model": "admin.logentry",
    "pk": 106,
    "fields": {
        "action_time": "2019-11-13T15:31:17.702Z",
        "user": 1,
        "content_type": 14,
        "object_id": "1",
        "object_repr": "Billing_Profile object (1)",
        "action_flag": 1,
        "change_message": "[{\"added\": {}}]"
    }
},
{
    "model": "admin.logentry",
    "pk": 107,
    "fields": {
        "action_time": "2019-11-13T15:31:58.698Z",
        "user": 1,
        "content_type": 15,
        "object_id": "1",
        "object_repr": "Card object (1)",
        "action_flag": 1,
        "change_message": "[{\"added\": {}}]"
    }
},
{
    "model": "admin.logentry",
    "pk": 108,
    "fields": {
        "action_time": "2019-11-13T15:32:12.390Z",
        "user": 1,
        "content_type": 14,
        "object_id": "1",
        "object_repr": "Billing_Profile object (1)",
        "action_flag": 2,
        "change_message": "[{\"changed\": {\"fields\": [\"Card\"]}}]"
    }
},
{
    "model": "admin.logentry",
    "pk": 109,
    "fields": {
        "action_time": "2019-11-15T14:09:52.655Z",
        "user": 1,
        "content_type": 17,
        "object_id": "1",
        "object_repr": "Samsung Note 7 viewed on 2019-11-15 14:09:52.651629+00:00",
        "action_flag": 1,
        "change_message": "[{\"added\": {}}]"
    }
},
{
    "model": "admin.logentry",
    "pk": 110,
    "fields": {
        "action_time": "2019-11-15T18:02:47.863Z",
        "user": 1,
        "content_type": 14,
        "object_id": "2",
        "object_repr": "Billing_Profile object (2)",
        "action_flag": 1,
        "change_message": "[{\"added\": {}}]"
    }
},
{
    "model": "admin.logentry",
    "pk": 111,
    "fields": {
        "action_time": "2019-11-24T09:04:21.341Z",
        "user": 1,
        "content_type": 14,
        "object_id": "1",
        "object_repr": "Billing_Profile object (1)",
        "action_flag": 3,
        "change_message": ""
    }
},
{
    "model": "admin.logentry",
    "pk": 112,
    "fields": {
        "action_time": "2019-11-24T09:45:56.315Z",
        "user": 1,
        "content_type": 15,
        "object_id": "1",
        "object_repr": "Card object (1)",
        "action_flag": 3,
        "change_message": ""
    }
},
{
    "model": "admin.logentry",
    "pk": 113,
    "fields": {
        "action_time": "2019-11-24T18:13:23.139Z",
        "user": 1,
        "content_type": 18,
        "object_id": "1",
        "object_repr": "Purchase object (1)",
        "action_flag": 3,
        "change_message": ""
    }
},
{
    "model": "admin.logentry",
    "pk": 114,
    "fields": {
        "action_time": "2019-11-24T18:14:00.992Z",
        "user": 1,
        "content_type": 18,
        "object_id": "2",
        "object_repr": "Purchase object (2)",
        "action_flag": 3,
        "change_message": ""
    }
},
{
    "model": "admin.logentry",
    "pk": 115,
    "fields": {
        "action_time": "2019-11-24T18:14:36.538Z",
        "user": 1,
        "content_type": 18,
        "object_id": "3",
        "object_repr": "Purchase object (3)",
        "action_flag": 3,
        "change_message": ""
    }
},
{
    "model": "admin.logentry",
    "pk": 116,
    "fields": {
        "action_time": "2019-11-24T18:16:18.801Z",
        "user": 1,
        "content_type": 18,
        "object_id": "4",
        "object_repr": "Purchase object (4)",
        "action_flag": 3,
        "change_message": ""
    }
},
{
    "model": "admin.logentry",
    "pk": 117,
    "fields": {
        "action_time": "2019-11-24T18:17:51.092Z",
        "user": 1,
        "content_type": 18,
        "object_id": "5",
        "object_repr": "Purchase object (5)",
        "action_flag": 3,
        "change_message": ""
    }
},
{
    "model": "admin.logentry",
    "pk": 118,
    "fields": {
        "action_time": "2019-11-24T18:18:35.702Z",
        "user": 1,
        "content_type": 18,
        "object_id": "6",
        "object_repr": "Purchase object (6)",
        "action_flag": 3,
        "change_message": ""
    }
},
{
    "model": "admin.logentry",
    "pk": 119,
    "fields": {
        "action_time": "2019-11-24T18:20:07.089Z",
        "user": 1,
        "content_type": 18,
        "object_id": "7",
        "object_repr": "Purchase object (7)",
        "action_flag": 3,
        "change_message": ""
    }
},
{
    "model": "admin.logentry",
    "pk": 120,
    "fields": {
        "action_time": "2019-11-24T18:21:01.464Z",
        "user": 1,
        "content_type": 18,
        "object_id": "8",
        "object_repr": "Purchase object (8)",
        "action_flag": 3,
        "change_message": ""
    }
},
{
    "model": "admin.logentry",
    "pk": 121,
    "fields": {
        "action_time": "2019-11-24T18:22:17.870Z",
        "user": 1,
        "content_type": 18,
        "object_id": "9",
        "object_repr": "Purchase object (9)",
        "action_flag": 3,
        "change_message": ""
    }
},
{
    "model": "admin.logentry",
    "pk": 122,
    "fields": {
        "action_time": "2019-11-24T18:22:58.204Z",
        "user": 1,
        "content_type": 18,
        "object_id": "10",
        "object_repr": "Purchase object (10)",
        "action_flag": 3,
        "change_message": ""
    }
},
{
    "model": "admin.logentry",
    "pk": 123,
    "fields": {
        "action_time": "2019-11-24T18:26:06.749Z",
        "user": 1,
        "content_type": 18,
        "object_id": "11",
        "object_repr": "Purchase object (11)",
        "action_flag": 3,
        "change_message": ""
    }
},
{
    "model": "admin.logentry",
    "pk": 124,
    "fields": {
        "action_time": "2019-11-24T18:26:59.141Z",
        "user": 1,
        "content_type": 18,
        "object_id": "12",
        "object_repr": "Purchase object (12)",
        "action_flag": 3,
        "change_message": ""
    }
},
{
    "model": "admin.logentry",
    "pk": 125,
    "fields": {
        "action_time": "2019-11-24T18:33:34.767Z",
        "user": 1,
        "content_type": 18,
        "object_id": "13",
        "object_repr": "Purchase object (13)",
        "action_flag": 3,
        "change_message": ""
    }
},
{
    "model": "admin.logentry",
    "pk": 126,
    "fields": {
        "action_time": "2019-11-24T19:04:01.836Z",
        "user": 1,
        "content_type": 16,
        "object_id": "4",
        "object_repr": "Shipping_Profile object (4)",
        "action_flag": 3,
        "change_message": ""
    }
},
{
    "model": "admin.logentry",
    "pk": 127,
    "fields": {
        "action_time": "2019-11-24T19:04:01.960Z",
        "user": 1,
        "content_type": 16,
        "object_id": "3",
        "object_repr": "Shipping_Profile object (3)",
        "action_flag": 3,
        "change_message": ""
    }
},
{
    "model": "admin.logentry",
    "pk": 128,
    "fields": {
        "action_time": "2019-11-24T19:04:02.061Z",
        "user": 1,
        "content_type": 16,
        "object_id": "2",
        "object_repr": "Shipping_Profile object (2)",
        "action_flag": 3,
        "change_message": ""
    }
},
{
    "model": "admin.logentry",
    "pk": 129,
    "fields": {
        "action_time": "2019-11-24T19:04:02.179Z",
        "user": 1,
        "content_type": 16,
        "object_id": "1",
        "object_repr": "Shipping_Profile object (1)",
        "action_flag": 3,
        "change_message": ""
    }
},
{
    "model": "admin.logentry",
    "pk": 130,
    "fields": {
        "action_time": "2019-11-30T15:21:01.856Z",
        "user": 1,
        "content_type": 10,
        "object_id": "18",
        "object_repr": "OWWIH20191130151911478472",
        "action_flag": 3,
        "change_message": ""
    }
},
{
    "model": "admin.logentry",
    "pk": 131,
    "fields": {
        "action_time": "2019-11-30T15:21:01.997Z",
        "user": 1,
        "content_type": 10,
        "object_id": "17",
        "object_repr": "OTABL20191130151749756229",
        "action_flag": 3,
        "change_message": ""
    }
},
{
    "model": "admin.logentry",
    "pk": 132,
    "fields": {
        "action_time": "2019-11-30T15:21:02.165Z",
        "user": 1,
        "content_type": 10,
        "object_id": "16",
        "object_repr": "OYJZY20191130151716792349",
        "action_flag": 3,
        "change_message": ""
    }
},
{
    "model": "admin.logentry",
    "pk": 133,
    "fields": {
        "action_time": "2019-11-30T15:21:02.273Z",
        "user": 1,
        "content_type": 10,
        "object_id": "15",
        "object_repr": "ONDBN20191130151610626434",
        "action_flag": 3,
        "change_message": ""
    }
},
{
    "model": "admin.logentry",
    "pk": 134,
    "fields": {
        "action_time": "2019-11-30T15:21:14.370Z",
        "user": 1,
        "content_type": 12,
        "object_id": "9",
        "object_repr": "order_item object (9)",
        "action_flag": 3,
        "change_message": ""
    }
},
{
    "model": "admin.logentry",
    "pk": 135,
    "fields": {
        "action_time": "2019-11-30T15:21:14.549Z",
        "user": 1,
        "content_type": 12,
        "object_id": "8",
        "object_repr": "order_item object (8)",
        "action_flag": 3,
        "change_message": ""
    }
},
{
    "model": "admin.logentry",
    "pk": 136,
    "fields": {
        "action_time": "2019-11-30T15:21:14.672Z",
        "user": 1,
        "content_type": 12,
        "object_id": "7",
        "object_repr": "order_item object (7)",
        "action_flag": 3,
        "change_message": ""
    }
},
{
    "model": "admin.logentry",
    "pk": 137,
    "fields": {
        "action_time": "2019-11-30T15:21:14.826Z",
        "user": 1,
        "content_type": 12,
        "object_id": "6",
        "object_repr": "order_item object (6)",
        "action_flag": 3,
        "change_message": ""
    }
},
{
    "model": "admin.logentry",
    "pk": 138,
    "fields": {
        "action_time": "2019-12-08T05:29:37.717Z",
        "user": 1,
        "content_type": 7,
        "object_id": "3",
        "object_repr": "Redmi Note 8",
        "action_flag": 2,
        "change_message": "[{\"changed\": {\"fields\": [\"category\"]}}]"
    }
},
{
    "model": "admin.logentry",
    "pk": 139,
    "fields": {
        "action_time": "2019-12-08T05:29:47.419Z",
        "user": 1,
        "content_type": 7,
        "object_id": "2",
        "object_repr": "Redmi Note 7",
        "action_flag": 2,
        "change_message": "[{\"changed\": {\"fields\": [\"category\"]}}]"
    }
},
{
    "model": "admin.logentry",
    "pk": 140,
    "fields": {
        "action_time": "2019-12-08T05:29:53.574Z",
        "user": 1,
        "content_type": 7,
        "object_id": "1",
        "object_repr": "Samsung Note 7",
        "action_flag": 2,
        "change_message": "[{\"changed\": {\"fields\": [\"category\"]}}]"
    }
},
{
    "model": "admin.logentry",
    "pk": 141,
    "fields": {
        "action_time": "2019-12-08T05:50:09.781Z",
        "user": 1,
        "content_type": 7,
        "object_id": "4",
        "object_repr": "T shirt",
        "action_flag": 1,
        "change_message": "[{\"added\": {}}]"
    }
},
{
    "model": "admin.logentry",
    "pk": 142,
    "fields": {
        "action_time": "2019-12-08T05:51:36.102Z",
        "user": 1,
        "content_type": 7,
        "object_id": "4",
        "object_repr": "Gray T shirt",
        "action_flag": 2,
        "change_message": "[{\"changed\": {\"fields\": [\"title\", \"description\"]}}]"
    }
},
{
    "model": "admin.logentry",
    "pk": 143,
    "fields": {
        "action_time": "2019-12-08T05:52:31.743Z",
        "user": 1,
        "content_type": 7,
        "object_id": "5",
        "object_repr": "White Tshirt",
        "action_flag": 1,
        "change_message": "[{\"added\": {}}]"
    }
},
{
    "model": "admin.logentry",
    "pk": 144,
    "fields": {
        "action_time": "2019-12-08T05:56:37.923Z",
        "user": 1,
        "content_type": 7,
        "object_id": "5",
        "object_repr": "White Tshirt",
        "action_flag": 2,
        "change_message": "[{\"changed\": {\"fields\": [\"image\"]}}]"
    }
},
{
    "model": "admin.logentry",
    "pk": 145,
    "fields": {
        "action_time": "2019-12-08T05:59:29.157Z",
        "user": 1,
        "content_type": 7,
        "object_id": "4",
        "object_repr": "Gray T shirt",
        "action_flag": 2,
        "change_message": "[{\"changed\": {\"fields\": [\"image\"]}}]"
    }
},
{
    "model": "admin.logentry",
    "pk": 146,
    "fields": {
        "action_time": "2019-12-08T06:03:19.424Z",
        "user": 1,
        "content_type": 7,
        "object_id": "6",
        "object_repr": "Acer Laptop",
        "action_flag": 1,
        "change_message": "[{\"added\": {}}]"
    }
},
{
    "model": "admin.logentry",
    "pk": 147,
    "fields": {
        "action_time": "2019-12-08T06:03:41.325Z",
        "user": 1,
        "content_type": 7,
        "object_id": "6",
        "object_repr": "Acer Laptop",
        "action_flag": 2,
        "change_message": "[{\"changed\": {\"fields\": [\"image\"]}}]"
    }
},
{
    "model": "admin.logentry",
    "pk": 148,
    "fields": {
        "action_time": "2019-12-08T06:04:32.985Z",
        "user": 1,
        "content_type": 7,
        "object_id": "6",
        "object_repr": "Acer Laptop",
        "action_flag": 2,
        "change_message": "[{\"changed\": {\"fields\": [\"category\"]}}]"
    }
},
{
    "model": "admin.logentry",
    "pk": 149,
    "fields": {
        "action_time": "2019-12-08T06:09:35.687Z",
        "user": 1,
        "content_type": 7,
        "object_id": "7",
        "object_repr": "Nike Shoes",
        "action_flag": 1,
        "change_message": "[{\"added\": {}}]"
    }
},
{
    "model": "admin.logentry",
    "pk": 150,
    "fields": {
        "action_time": "2019-12-08T06:09:49.808Z",
        "user": 1,
        "content_type": 7,
        "object_id": "7",
        "object_repr": "Nike Shoes",
        "action_flag": 2,
        "change_message": "[{\"changed\": {\"fields\": [\"image\"]}}]"
    }
},
{
    "model": "admin.logentry",
    "pk": 151,
    "fields": {
        "action_time": "2019-12-08T06:10:16.021Z",
        "user": 1,
        "content_type": 7,
        "object_id": "7",
        "object_repr": "Nike Shoes",
        "action_flag": 2,
        "change_message": "[{\"changed\": {\"fields\": [\"image\"]}}]"
    }
},
{
    "model": "admin.logentry",
    "pk": 152,
    "fields": {
        "action_time": "2019-12-08T06:11:38.874Z",
        "user": 1,
        "content_type": 7,
        "object_id": "8",
        "object_repr": "Toe Pumps",
        "action_flag": 1,
        "change_message": "[{\"added\": {}}]"
    }
},
{
    "model": "admin.logentry",
    "pk": 153,
    "fields": {
        "action_time": "2019-12-08T06:11:58.986Z",
        "user": 1,
        "content_type": 7,
        "object_id": "8",
        "object_repr": "Toe Pumps",
        "action_flag": 2,
        "change_message": "[{\"changed\": {\"fields\": [\"description\", \"image\"]}}]"
    }
},
{
    "model": "admin.logentry",
    "pk": 154,
    "fields": {
        "action_time": "2019-12-08T06:13:17.652Z",
        "user": 1,
        "content_type": 8,
        "object_id": "4",
        "object_repr": "Tag object (4)",
        "action_flag": 1,
        "change_message": "[{\"added\": {}}]"
    }
},
{
    "model": "admin.logentry",
    "pk": 155,
    "fields": {
        "action_time": "2019-12-08T06:13:31.171Z",
        "user": 1,
        "content_type": 8,
        "object_id": "5",
        "object_repr": "Tag object (5)",
        "action_flag": 1,
        "change_message": "[{\"added\": {}}]"
    }
},
{
    "model": "admin.logentry",
    "pk": 156,
    "fields": {
        "action_time": "2019-12-08T06:13:45.505Z",
        "user": 1,
        "content_type": 8,
        "object_id": "6",
        "object_repr": "Tag object (6)",
        "action_flag": 1,
        "change_message": "[{\"added\": {}}]"
    }
},
{
    "model": "admin.logentry",
    "pk": 157,
    "fields": {
        "action_time": "2019-12-08T06:14:00.729Z",
        "user": 1,
        "content_type": 8,
        "object_id": "7",
        "object_repr": "Tag object (7)",
        "action_flag": 1,
        "change_message": "[{\"added\": {}}]"
    }
},
{
    "model": "admin.logentry",
    "pk": 158,
    "fields": {
        "action_time": "2020-01-04T07:30:30.636Z",
        "user": 1,
        "content_type": 20,
        "object_id": "1",
        "object_repr": "kiradooravi@gmail.com",
        "action_flag": 1,
        "change_message": "[{\"added\": {}}]"
    }
}
]
